Workbook

Sheet 总览
A1: C255-10 SW DFA 报告 — 修改对照清单
A2: 原始文件: C255-10 SW DFA报告.xlsx (上传版 V0)
A3: 修正文件: C255-10 SW_DFA报告.xlsx (修正版 V1.0)
A4: 生成说明: 黄色=内容修改, 绿色=新增内容
A6: 序号 | B6: 优先级 | C6: 工作表 | D6: 修改项 | E6: 修改前 | F6: 修改后
A7: 1 | B7: P0 | C7: 封面 | D7: 标题 C1 | E7: SW FMEA报告 | F7: SW FMEA && DFA报告
A8: 2 | B8: P0 | C8: 变更履历 | D8: 版本 A4 | E8: V0 | F8: V1.0
A9: 3 | B9: P0 | C9: Combination matrix | D9: ADC-ECU_Voltage 编号 | E9: SW_DF_03 | F9: SW_DF_003
A10: 4 | B10: P0 | C10: SW_Safety_Analysis | D10: SW_DF_009~021 共13处 header (A413,A464...) | E10: 硬编码错误ID (如 SW_DF_009SW_DF_010) | F10: 公式引用 (如 ='Top Event'!B13)
A11: 5 | B11: P1 | C11: SW Arch | D11: NVM描述 F26 (SWC-24) | E11: 中断管理 | F11: 非易失性存储管理
A12: 6 | B12: P1 | C12: SW Arch | D12: 表头 D6 | E12: Peirod | F12: Period
A13: 7 | B13: P1 | C13: Top Event | D13: SW_DF_002 描述 C5 | E13: CAN :LinkerTimeOut & CANBusOffDeal | F13: CAN :LinkerTimeOut
A14: 8 | B14: P1 | C14: Top Event | D14: SW_DF_002 功能描述 D5 | E14: 含 CANBusOffDeal 描述 | F14: 仅 LinkerTimeOut 通信丢失检测
A15: 9 | B15: P1 | C15: Top Event | D15: SW_DF_001 功能描述 D4 | E15: 缺少 CAN | F15: 补充 CAN 模块
A16: 10 | B16: P1 | C16: Top Event | D16: SW_DF_005 功能描述 D8 | E16: 中断管理模块失效... | F16: NVM模块失效后...
A17: 11 | B17: P1 | C17: Top Event | D17: SW_DF_006 CCF/CF F9/G9 | E17: CCF=Y, CF=N | F17: CCF=N, CF=Y
A18: 12 | B18: P1 | C18: Top Event | D18: SW_DF_007 CCF/CF F10/G10 | E18: CCF=Y, CF=N | F18: CCF=N, CF=Y
... A28: 22 | B28: P2 | C28: SW_Safety_Analysis | D28: Counter Measure 内容 | E28: 约23处 Applicable=Yes 缺 CM | F28: 按场景补充对应安全机制

Sheet Top Event对照
A1: Top Event 工作表 — 逐行对照
A3: 单元格 | B3: 行 | C3: SW_DF_ID | D3: 字段 | E3: 修改前 | F3: 修改后 | G3: 是否变更
A4: B4 | B4: 4 | C4: SW_DF_001 | D4: Top EventID (B) | E4: SW_DF_001 | F4: SW_DF_001 | G4: —
A5: C4 | B5: 4 | C5: SW_DF_001 | D5: Event Description (C) | E5: SysClk:SPI & CAN & ADC & WDG & GPIO & PWM &NVM | F5: SysClk:SPI & CAN & ADC & WDG & GPIO & PWM &NVM | G5: —
A6: D4 | B6: 4 | C6: SW_DF_001 | D6: Function Description (D) | E6: 时钟失效的时候SPI,ADC,WDG,GPIO,PWM，NVM模块均失效 | F6: 时钟失效的时候SPI,CAN,ADC,WDG,GPIO,PWM,NVM模块均失效 | G6: ✅ 已修改
A7: F4 | B7: 4 | C7: SW_DF_001 | D7: CCF (F) | E7: Y | F7: Y | G7: —
A8: G4 | B8: 4 | C8: SW_DF_001 | D8: CF (G) | E8: N | F8: N | G8: —
A9: B5 | B9: 5 | C9: SW_DF_002 | D9: Top EventID (B) | E9: SW_DF_002 | F9: SW_DF_002 | G9: —
A10: C5 | B10: 5 | C10: SW_DF_002 | D10: Event Description (C) | E10: CAN :LinkerTimeOut & CANBusOffDeal | F10: CAN :LinkerTimeOut | G10: ✅ 已修改
A11: D5 | B11: 5 | C11: SW_DF_002 | D11: Function Description (D) | E11: CAN模块失效的时候LinkerTimeOut开始进行通信丢失检测，CAN模块进行bus off恢复 | F11: CAN模块失效的时候LinkerTimeOut开始进行通信丢失检测 | G11: ✅ 已修改
A12: E5 | B12: 5 | C12: SW_DF_002 | D12: ASIL (E) | E12: ASILB & ASILB & ASILB | F12: ASILB & ASILB | G12: ✅ 已修改
A13: F5 | B13: 5 | C13: SW_DF_002 | D13: CCF (F) | E13: Y | F13: Y | G13: —
A14: G5 | B14: 5 | C14: SW_DF_002 | D14: CF (G) | E14: N | F14: N | G14: —
A15: B6 | B15: 6 | C15: SW_DF_003 | D15: Top EventID (B) | E15: SW_DF_003 | F15: SW_DF_003 | G15: —
... A109: G24 | B109: 24 | C109: SW_DF_021 | D109: CF (G) | E109: Y | F109: Y | G109: —

Sheet SW Arch对照
A1: SW Arch 工作表 — 组件列表对照
A3: Component ID | B3: Component Name | C3: ASIL | D3: 描述(修改前) | E3: 描述(修改后) | F3: 是否变更
A4: SWC-1 | B4: ECU_PosBreak | C4: ASILB | D4: 位置制动控制 | E4: 位置制动控制 | F4: —
A5: SWC-2 | B5: ECU_TurnLight | C5: ASILA | D5: 转向灯控制 | E5: 转向灯控制 | F5: —
A6: SWC-3 | B6: ECU_ReverseLight | C6: ASILA | D6: 倒车灯控制 | E6: 倒车灯控制 | F6: —
A7: SWC-4 | B7: ECU_LicenseLight | C7: QM | D7: 牌照灯控制 | E7: 牌照灯控制 | F7: —
A8: SWC-5 | B8: ECU_Voltage | C8: ASILB | D8: 电压管理 | E8: 电压管理 | F8: —
A9: SWC-6 | B9: ECU_LampSignalDec | C9: QM | D9: 仪式感 | E9: 仪式感 | F9: —
A10: SWC-7 | B10: BCC | C10: ASILB | D10: E2E校验 | E10: E2E校验 | F10: —
A11: SWC-8 | B11: LinkerTimeOut | C11: ASILB | D11: 报文在线监测 | E11: 报文在线监测 | F11: —
A12: SWC-9 | B12: FailSafe | C12: ASILB | D12: 故障处理 | E12: 故障处理 | F12: —
A13: SWC-10 | B13: NM_Management | C13: QM | D13: 网络管理 | E13: 网络管理 | F13: —
A14: SWC-11 | B14: CANBusOffDeal | C14: ASILB | D14: CAN BusOff时的快慢恢复机制 | E14: CAN BusOff时的快慢恢复机制 | F14: —
... A28: 表头 | B28: Period | C28: - | D28: Peirod | E28: Period | F28: ✅ 已修改

Sheet Matrix对照
A1: Combination matrix — 编号变更对照
A3: 单元格 | B3: 行组件 | C3: 列组件 | D3: 修改前 | E3: 修改后

Sheet SafetyAnalysis对照
A1: SW_Safety_Analysis — Section Header 公式对照
A3: SA行号 | B3: SW_DF_ID | C3: 列A (ID) | D3: 列C (Description) | E3: 列D (Function) | F3: 修改前A | G3: 修改后A | H3: 是否变更
A4: 3 | B4: SW_DF_001 | C4: ='[25]Top Event'!B4 | D4: ='Top Event'!C4 | E4: ='Top Event'!D4 | F4: ='[25]Top Event'!B4 | G4: ='[25]Top Event'!B4 | H4: —
A5: 56 | B5: SW_DF_002 | C5: ='[25]Top Event'!B5 | D5: ='Top Event'!C5 | E5: ='Top Event'!D5 | F5: ='[25]Top Event'!B5 | G5: ='[25]Top Event'!B5 | H5: —
A6: 107 | B6: SW_DF_003 | C6: ='Top Event'!B6 | D6: ='Top Event'!C6 | E6: ='Top Event'!D6 | F6: ='Top Event'!B6 | G6: ='Top Event'!B6 | H6: —
A7: 158 | B7: SW_DF_004 | C7: ='Top Event'!B7 | D7: ='Top Event'!C7 | E7: ='Top Event'!D7 | F7: ='Top Event'!B7 | G7: ='Top Event'!B7 | H7: —
A8: 209 | B8: SW_DF_005 | C8: ='Top Event'!B8 | D8: ='Top Event'!C8 | E8: ='Top Event'!D8 | F8: ='Top Event'!B8 | G8: ='Top Event'!B8 | H8: —
A9: 260 | B9: SW_DF_006 | C9: ='Top Event'!B9 | D9: ='Top Event'!C9 | E9: ='Top Event'!D9 | F9: ='Top Event'!B9 | G9: ='Top Event'!B9 | H9: —
A10: 311 | B10: SW_DF_007 | C10: ='Top Event'!B10 | D10: ='Top Event'!C10 | E10: ='Top Event'!D10 | F10: ='Top Event'!B10 | G10: ='Top Event'!B10 | H10: —
A11: 362 | B11: SW_DF_008 | C11: ='Top Event'!B11 | D11: ='Top Event'!C11 | E11: ='Top Event'!D11 | F11: ='Top Event'!B11 | G11: ='Top Event'!B11 | H11: —
A12: 413 | B12: SW_DF_009 | C12: ='Top Event'!B12 | D12: ='Top Event'!C12 | E12: ='Top Event'!D12 | F12: SW_DF_009 | G12: ='Top Event'!B12 | H12: ✅ 已修改
A13: 464 | B13: SW_DF_010 | C13: ='Top Event'!B13 | D13: ='Top Event'!C13 | E13: ='Top Event'!D13 | F13: SW_DF_009SW_DF_010 | G13: ='Top Event'!B13 | H13: ✅ 已修改
A14: 515 | B14: SW_DF_011 | C14: ='Top Event'!B14 | D14: ='Top Event'!C14 | E14: ='Top Event'!D14 | F14: SW_DF_009SW_DF_011 | G14: ='Top Event'!B14 | H14: ✅ 已修改
A15: 566 | B15: SW_DF_012 | C15: ='Top Event'!B15 | D15: ='Top Event'!C15 | E15: ='Top Event'!D15 | F15: SW_DF_009SW_DF_012 | G15: ='Top Event'!B15 | H15: ✅ 已修改
A16: 617 | B16: SW_DF_013 | C16: ='Top Event'!B16 | D16: ='Top Event'!C16 | E16: ='Top Event'!D16 | F16: SW_DF_009SW_DF_013 | G16: ='Top Event'!B16 | H16: ✅ 已修改
A17: 668 | B17: SW_DF_014 | C17: ='Top Event'!B17 | D17: ='Top Event'!C17 | E17: ='Top Event'!D17 | F17: SW_DF_009SW_DF_014 | G17: ='Top Event'!B17 | H17: ✅ 已修改
A18: 719 | B18: SW_DF_015 | C18: ='Top Event'!B18 | D18: ='Top Event'!C18 | E18: ='Top Event'!D18 | F18: SW_DF_009SW_DF_015 | G18: ='Top Event'!B18 | H18: ✅ 已修改
A19: 770 | B19: SW_DF_016 | C19: ='Top Event'!B19 | D19: ='Top Event'!C19 | E19: ='Top Event'!D19 | F19: SW_DF_009SW_DF_016 | G19: ='Top Event'!B19 | H19: ✅ 已修改
A20: 821 | B20: SW_DF_017 | C20: ='Top Event'!B20 | D20: ='Top Event'!C20 | E20: ='Top Event'!D20 | F20: SW_DF_009SW_DF_017 | G20: ='Top Event'!B20 | H20: ✅ 已修改
A21: 872 | B21: SW_DF_018 | C21: ='Top Event'!B21 | D21: ='Top Event'!C21 | E21: ='Top Event'!D21 | F21: SW_DF_009SW_DF_018 | G21: ='Top Event'!B21 | H21: ✅ 已修改
A22: 923 | B22: SW_DF_019 | C22: ='Top Event'!B22 | D22: ='Top Event'!C22 | E22: ='Top Event'!D22 | F22: SW_DF_009SW_DF_019 | G22: ='Top Event'!B22 | H22: ✅ 已修改
A23: 974 | B23: SW_DF_020 | C23: ='Top Event'!B23 | D23: ='Top Event'!C23 | E23: ='Top Event'!D23 | F23: SW_DF_009SW_DF_020 | G23: ='Top Event'!B23 | H23: ✅ 已修改
A24: 1025 | B24: SW_DF_021 | C24: ='Top Event'!B24 | D24: ='Top Event'!C24 | E24: ='Top Event'!D24 | F24: SW_DF_009SW_DF_021 | G24: ='Top Event'!B24 | H24: ✅ 已修改

Sheet 安全机制
A1: 功能 | B1: SM ID | C1: 安全机制 | D1: Traceability | E1: 诊断覆盖率
A2: 制动转向 | B2: RL_SM_01 | C2: 电源监控器检测违反稳定电源的错误，以确保整个系统的供电，包括过压和欠压保护。此SM负责处理和诊断电源问题。 | D2: 制动转向 | E2: 60%
B3: RL_SM_02 | C3: 对来电信号进行检测，判断转向灯、制动灯是否满足开启要求；当来电信号错误，功能灯不响应，转向灯、制动灯各自进入安全状态（转向反馈、制动由车身检查）。 | D3: 制动转向 | E3: 60%
B4: RL_SM_03 | C4: 软件使用外部独立看门狗，当MCU软件故障可通过看门狗进行复位。 | D4: 制动转向 | E4: 90%
B5: RL_SM_04 | C5: 灯具内部做故障判断逻辑，当判断故障后进行反馈，反馈机制应遵循奇瑞标准。 | D5: 制动转向 | E5: 99%
B6: RL_SM_05 | C6: 当制动灯内部故障且故障无法反馈时，由车身进行电流检测以此判断制动灯故障状态。 | D6: 制动转向 | E6: 90%
B7: RL_SM_06 | C7: 制动灯采用N-1>=1方案进行设计，当某一组LED驱动或LED故障，剩余制动灯可以继续点亮。 | D7: 制动转向 | E7: 99%
B8: RL_SM_07 | C8: 转向灯采用N-1=0方案进行设计，当某一组LED驱动或LED故障，剩余转向灯熄灭。 | D8: 制动转向 | E8: 99%
B9: RL_SM_08 | C9: 在检测电路设计时，应考虑检测输出电压是否会导致MCU故障，故应使用钳位二极管将电压抑制在稳定区间。 | D9: 制动转向 | E9: 99%
B10: RL_SM_09 | C10: 芯片硬件支持自检，并利用芯片特性设计外围电路。 | D10: 制动转向 | E10: 90%

Sheet 安全机制对照
A1: 安全机制 — Traceability 对照
A3: SM No. | B3: Description (修改前→修改后) | C3: Traceability (修改前) | D3: Traceability (修改后) | E3: 是否变更
A4: SW_DFA_SM_001: | B4: 支持硬线制动灯点亮 | C4: (空) | D4: SG1-硬线制动灯冗余 | E4: ✅ 新增
A5: SW_DFA_SM_002: | B5: 支持停振检测 | C5: (空) | D5: SG1/SG2/SG3-时钟停振检测 | E5: ✅ 新增
A6: SW_DFA_SM_003: | B6: 制动灯报文丢失200ms后点亮制动灯 | C6: (空) | D6: SG1-报文丢失200ms制动灯点亮 | E6: ✅ 新增
A7: SW_DFA_SM_004: | B7: 支持外部看门狗 | C7: (空) | D7: SG1/SG2/SG3-外部看门狗 | E7: ✅ 新增
A8: SW_DFA_SM_005: | B8: 连续10个周期BCC校验失败后会点亮制动灯 | C8: (空) | D8: SG1-BCC校验失败制动灯点亮 | E8: ✅ 新增

Sheet General对照
A1: General — 术语和输入文档对照
A3: 位置 | B3: 字段 | C3: 修改前 | D3: 修改后 | E3: 是否变更
A4: E11 | B4: 输入文档日期 | C4: (空) | D4: (空) | E4: ✅ 新增
A5: B21:D21 | B5: 术语 1. DFA | C5: (空) | D5: Dependent Failure Analysis，依存失效分析 | E5: ✅ 新增
A6: B22:D22 | B6: 术语 2. FFI | C6: (空) | D6: Freedom From Interference，免于干扰 | E6: ✅ 新增
A7: B23:D23 | B7: 术语 3. CCF | C7: (空) | D7: Common Cause Failure，共因失效 | E7: ✅ 新增
A8: B24:D24 | B8: 术语 4. CF | C8: (空) | D8: Cascading Failure，级联失效 | E8: ✅ 新增
A9: B25:D25 | B9: 术语 5. ASIL | C9: (空) | D9: Automotive Safety Integrity Level，汽车安全完整性等级 | E9: ✅ 新增
A10: B26:D26 | B10: 术语 6. SWC | C10: (空) | D10: Software Component，软件组件 | E10: ✅ 新增
A11: B27:D27 | B11: 术语 7. SG | C11: (空) | D11: Safety Goal，安全目标 | E11: ✅ 新增
A12: B28:D28 | B12: 术语 8. BCC | C12: (空) | D12: Byte Counter Check，字节计数校验(E2E) | E12: ✅ 新增

Sheet 核对清单
A1: 逐项核对清单 — 请在确认后打 ✅
A3: 序号 | B3: 优先级 | C3: 核对项 | D3: 查看位置 | E3: 确认
A4: 1 | B4: P0 | C4: 封面版本号为 V1.0 | D4: 封面 → E2
A5: 2 | B5: P0 | C5: 变更履历版本号为 V1.0 | D5: 变更履历 → A4
A6: 3 | B6: P0 | C6: Combination matrix 无 SW_DF_03 | D6: Combination matrix → 搜索 SW_DF_03
A7: 4 | B7: P0 | C7: SW_Safety_Analysis A464 为公式 | D7: SW_Safety_Analysis → A464 应显示 ='Top Event'!B13
A8: 5 | B8: P0 | C8: SW_Safety_Analysis A466 子项为 SW_DF_010_1 | D8: SW_Safety_Analysis → A466 (Excel打开后查看)
A9: 6 | B9: P1 | C9: NVM 描述为"非易失性存储管理" | D9: SW Arch → F26
A10: 7 | B10: P1 | C10: SW_DF_002 仅含 LinkerTimeOut | D10: Top Event → C5
A11: 8 | B11: P1 | C11: SW_DF_006~010 CF=Y | D11: Top Event → G9~G13
A12: 9 | B12: P1 | C12: SW_DF_012 CF=Y | D12: Top Event → G15
A13: 10 | B13: P2 | C13: General 术语表已填 | D13: General → B21~D28
A14: 11 | B14: P2 | C14: 安全机制 Traceability 已填 | D14: 安全机制 → C2~C6
A15: 12 | B15: P2 | C15: Guide-Word 仍为空(待填) | D15: Guide-Word → 确认待后续填写
A16: 13 | B16: P2 | C16: Top Event FFI列仍为空(待填) | D16: Top Event → H4~H24 待后续填写
